[
    {
        "urlName":"defaultURL",
        "url":"http://mybusiness.sso.worldpaytd.local:7778/mbd.html"
    },
    {
        "urlName":"statuspage",
        "url":"../common/status-pages/index.html?status_code="
    },
    {
        "urlName":"schemesconfig",
        "url":"views/landing-page/schemes.json"
    },
    {
        "urlName":"ftluserScheme",
        "url":"/FTL/UserScheme"
    },
    {
        "urlName":"ftluserSchemetest",
        "url":"views/landing-page/FTLuserSchemeAPI.json"
    },
    {
        "urlName":"pwduserScheme",
        "url":"/PWD/UserScheme"
    },
    {
        "urlName":"pwduserSchemetest",
        "url":"views/landing-page/PWDuserSchemeAPI.json"
    },
    {
        "urlName":"ftlSQ",
        "url":"/FTL/securityQuestions"
    },
    {
        "urlName":"ftlSQtest",
        "url":"config/SQAPI.json"
    },
        {
        "urlName":"pwdSQ",
        "url":"/PWD/securityQuestions"
    },
    {
        "urlName":"pwdSQtest",
        "url":"config/SQAPI.json"
    },
    {
        "urlName":"ftlSQpost",
        "url":"/FTL/securityQuestions"
    },
    {
        "urlName":"ftlSQposttest",
        "url":"config/postSQAPIresponse.json"
    },
    {
        "urlName":"pwdSQpost",
        "url":"/PWD/securityQuestions"
    },
    {
        "urlName":"pwdSQposttest",
        "url":"config/postSQAPIresponse.json"
    },
    {
        "urlName":"SQconfig",
        "url":"config/sq.config.json"
    },
    {
        "urlName":"USU",
        "url":"/userProfile/Status"
    },
    {
        "urlName":"USUtest",
        "url":"config/GETuserSetupResponse.json"
    },
    {
        "urlName":"USUpost",
        "url":"/userProfile"
    },
    {
        "urlName":"USUposttest",
        "url":"config/POSTuserSetupResponse.json"
    },
    {
        "urlName":"USUconfig",
        "url":"config/usu.config.json"
    },
    {
        "urlName":"USUsuccessconfig",
        "url":"config/ususuccess.config.json"
    },
        {
        "urlName":"cnpwPost",
        "url":"/passwordChange"
    },
    {
        "urlName":"cnpwPosttest",
        "url":"config/POSTpasswordResponse.json"
    },
    {
        "urlName":"maSaveDetails",
        "url":"views/manage-account/configs/POSTpasswordResponse.json"
    },
    {
        "urlName":"maSaveDetailstest",
        "url":"views/manage-account/configs/POSTpasswordResponse.json"
    },
    {
        "urlName":"maSaveEmail",
        "url":"views/manage-account/configs/POSTpasswordResponse.json"
    },{
        "urlName":"maSaveEmailtest",
        "url":"views/manage-account/configs/POSTpasswordResponse.json"
    },
    {
        "urlName":"maSavePassword",
        "url":"views/manage-account/configs/POSTpasswordResponse.json"
    },
    {
        "urlName":"maSavePasswordtest",
        "url":"views/manage-account/configs/POSTpasswordResponse.json"
    }
]   
