{
    "userName": "jacky.truong@worldpay.com ",
    "securityQuestions":
        [
            {
                "questionType":"MID",
                "questionText":"What are the last 4 digits of your Outlet ID (MID)?",
                "answer":"9999",
                "referer":null
            },
            {
                "questionType":"POSTCODE",
                "questionText":"What is the second part of your post code?",
                "answer":"AB12",
                "referer":null
            }
        ]
}