[
    {
        "emailContext":true,
        "content":"Thank you, your information has been updated successfully.<br/><br/>Your login ID has been changed to {{useremail}}. We have sent you an email to confirm this.<br/><br/>To continue, login below with your new email address and password.",
        "buttontext":"Login"
    },
  { 
        "emailContext":false,
        "content":"Thank you, your information has been updated successfully. <br/><br/><p class='redirectMessage'>You will be automatically redirected in 5 seconds . . .</p>",
        "buttontext":"Continue"
    }
]
